brain drain continues,sell
stock remains hopelessly overvalued,sell
checking overall picture,hold
eps expected $ -0.11,sell
best yet come .,buy
better buy v google,buy
top bottom,hold
upgraded ÄúbuyÄù vetr .,buy
$ 18.12 per share keycorp key listed,hold
stock alert holding pattern stock volatility hit,hold
better buy vs. baidu,buy
turning revenue trend,buy
buy stock buy 1900 % no-brainer instead,sell
rally stock could continue,buy
chart tell u presently ?,hold
take opportunity sell,sell
stock still stuck mud,sell
roll redesign across product,buy
redesigns app make faster easier see happening,buy
unveils update platform,buy
stock simply good enough,sell
apple blackberry ltd - short interest update,hold
upgraded vetr 4 star,buy
positive scaled platform facebook fb & alphabet goog,buy
stock painful waiting game,hold
stock risky ?,sell
$ 16.97 justifies share ?,sell
operating chief adam bain leaf company continues fix,sell
nyse heffx highlight,hold
earns ÄúunderperformÄù rating royal bank canada,sell
stock rating reaffirmed well fargo & co,hold
broken 20dma,hold
facebook amazon.com - today technical stock trading,hold
needle moving -1.71 %,sell
option market alert implied price swing hit amplified level,sell
stock gain 20 % -plus,buy
case,hold
nyse added 67 new portfolio,buy
stock head shoulder rest,buy
apple walt disney co - technical stock trading idea,hold
stock recommendation,buy
nyse partner bbc,buy
drilling technical & valuation nyse,hold
watching chart share dl-000005 twr.de,hold
move +3.06 % 20 dma,buy
nyse coo say premium may work,hold
becoming paid subscription service save going forward ?,buy
stock 2016 q4 driven institutional investor,buy
thursday vital data alibaba group holding ltd baba oracle corporation,hold
let streaming video star collect money fan,hold
allow streamer make money,hold
nyse introducing super heart,hold
former vp kirstine stewart join london ont.-based lifestyle site,hold
riot game oceania partner live stream league legend,buy
qualcomm incorporated qcom uptrend stock,buy
stock watch,buy
facebook plug power - today technical stock trading,hold
trump blocking 'violates first amendment ',hold
user blocked trump cry censorship,hold
user blocked president trump cry censorship,hold
buy sell ? average brokerage rating pfizer pfe,hold
analytical guide two rising stock h & r block,buy
thing investor know mplx lp mplx,hold
technical signal emerged ? Äì nantkwest,hold
technical chart spoken,hold
stock technical neutral area,hold
downgraded vetr .,sell
bidaskclub upgrade hold,buy
needle moving -1.60 %,sell
technical sign every trader know protalix biotherapeutics plx,hold
dl-000005 twr.de needle moving 1.48 %,buy
share moving volume,buy
fact,hold
broken 16.83 $ 17.83 20dma,buy
insider selling short interest growing common stock nyse,sell
new star goldman lloyd blankfein,buy
jack dorsey square may soon loan money,hold
50 dma move 12-week low,buy
