,headline
0,the simple reason i still wo n't buy twitter inc .
1,twitter inc 's brain drain continues
2,twitter inc ( twtr ) stock remains hopelessly overvalued
3,"checking overall picture twitter , inc. ( twtr )"
4,eps twitter inc ( twtr ) expected at $ -0.11
5,"here 's why best is yet come twitter , inc ."
6,"better buy : twitter , inc. v google"
7,"twitter , inc. ( twtr ) : from top bottom"
8,"twitter , inc. ( twtr ) upgraded “ buy ” vetr inc ."
9,"twitter , inc. ( twtr ) upgraded zacks investment research buy"
10,stock alert holding pattern : twitter inc stock volatility hit an ...
11,"better buy : twitter , inc. vs. baidu"
12,twitter : the turning revenue trend
13,"do n't buy twitter inc ( twtr ) stock , buy 1900 % no-brainer instead"
14,why the rally in twitter inc ( twtr ) stock could continue for now
15,twitter : take this opportunity to sell
16,why twitter inc ( twtr ) stock is still stuck mud
17,"what doe the chart for twitter , inc. ( twtr ) tell u presently ?"
18,twitter roll redesign across product
19,twitter redesigns app make faster easier see 's happening
20,twitter unveils update platform
21,twitter inc ( twtr ) stock simply is n't good enough
22,"apple inc , blackberry ltd and twitter inc - short interest update"
23,twitter inc ( twtr ) stock is painful waiting game
24,"is twitter , inc. ( twtr ) stock risky ?"
25,"doe $ 16.97 justifies twitter , inc. ( twtr ) share ?"
26,twitter upgraded by vetr to 4 star
27,positive scaled platform ( facebook inc ( fb ) & alphabet inc ( goog ...
28,twitter inc 's operating chief adam bain leaf company continues fix ...
29,twitter inc ( nyse : twtr ) heffx highlight
30,the twitter inc ( twtr ) earns “ underperform ” rating royal bank canada
31,twitter inc ( twtr ) stock rating reaffirmed well fargo & co
32,"twitter , inc. ( twtr ) broken 20dma"
33,twitter inc ( twtr ) needle moving -1.71 %
34,"facebook inc , amazon.com inc and twitter inc - today 's technical stock trading ..."
35,why twitter inc ( twtr ) stock will gain 20 % -plus
36,"the case against twitter , inc. ( twtr )"
37,"twitter , inc. ( nyse : twtr ) added 67 new portfolio"
38,twitter inc ( twtr ) stock is head shoulder below rest
39,option market alert : twitter inc implied price swing hit an amplified level
40,"twitter inc , apple inc. and walt disney co - technical stock trading idea for ..."
41,"stock recommendation : twitter , inc. ( twtr )"
42,twitter inc ( nyse : twtr ) partner with bbc
43,"drilling technical & valuation for twitter , inc. ( nyse : twtr )"
44,watching chart share twitter inc. dl-000005 ( twr.de )
45,twitter inc ( nyse : twtr ) coo say premium may not work
46,will becoming paid subscription service save twitter inc ( twtr ) going forward ?
47,twitter inc stock 2016 q4 driven institutional investor
48,"twitter , inc. ( twtr ) move +3.06 % 20 dma"
49,"thursday 's vital data : alibaba group holding ltd ( baba ) , oracle corporation ..."
50,twitter let streaming video star collect money fan
51,twitter allow streamer make money
52,twitter inc ( nyse : twtr ) introducing super heart
53,"former twitter inc vp kirstine stewart join london , ont.-based lifestyle site ..."
54,riot game oceania partner twitter live stream league legend ...
55,"twitter , inc. ( twtr ) qualcomm incorporated ( qcom ) uptrend stock"
56,"stock watch : twitter , inc. ( twtr )"
57,"facebook inc , twitter inc and plug power inc - today 's technical stock trading ..."
58,trump twitter blocking 'violates first amendment '
59,"twitter user , blocked trump , cry censorship"
60,"twitter user , blocked president trump , cry censorship"
61,"buy sell ? average brokerage rating pfizer inc. ( pfe ) , twitter , inc. ( twtr )"
62,"analytical guide two rising stock 's : twitter , inc. ( twtr ) , h & r block , inc ..."
63,"few thing investor did n't know about : twitter , inc. ( twtr ) , mplx lp ( mplx )"
64,"how technical signal emerged ? – twitter , inc. ( twtr ) , nantkwest , inc ..."
65,"the technical chart for twitter , inc. ( twtr ) ha spoken"
66,"twitter , inc. ( twtr ) downgraded vetr inc ."
67,"bidaskclub upgrade twitter , inc. ( twtr ) hold"
68,twitter inc. dl-000005 ( twr.de ) needle moving 1.48 %
69,twitter inc ( twtr ) share moving on volume
70,"twitter , inc. ( twtr ) stock technical neutral area"
71,twitter inc ( twtr ) needle moving -1.60 %
72,"technical sign every trader should know : protalix biotherapeutics , inc. ( plx ..."
73,"twitter , inc. ( twtr ) $ 18.12 per share keycorp ( key ) listed $ 18.20"
74,jack dorsey 's square inc. may soon loan you money
75,twitter ha new star : goldman 's lloyd blankfein
76,"50 dma twitter , inc. ( twtr ) move 12-week low"
77,2
78,3
79,4
80,5
81,6
82,7
83,8
84,9
85,10
86,next
