buy stock buy 1900 % no-brainer instead,sell
stock risky ?,sell
checking overall picture,hold
user blocked president trump cry censorship,hold
riot game oceania partner live stream league legend,buy
roll redesign across product,buy
stock alert holding pattern stock volatility hit,hold
stock technical neutral area,hold
apple walt disney co - technical stock trading idea,hold
rally stock could continue,buy
stock painful waiting game,hold
former vp kirstine stewart join london ont.-based lifestyle site,hold
bidaskclub upgrade hold,buy
case,hold
buy sell ? average brokerage rating pfizer pfe,hold
chart tell u presently ?,hold
trump blocking 'violates first amendment ',hold
$ 18.12 per share keycorp key listed,hold
drilling technical & valuation nyse,hold
let streaming video star collect money fan,hold
fact,hold
technical sign every trader know protalix biotherapeutics plx,hold
positive scaled platform facebook fb & alphabet goog,buy
nyse coo say premium may work,hold
redesigns app make faster easier see happening,buy
option market alert implied price swing hit amplified level,sell
best yet come .,buy
$ 16.97 justifies share ?,sell
top bottom,hold
jack dorsey square may soon loan money,hold
nyse introducing super heart,hold
nyse added 67 new portfolio,buy
broken 20dma,hold
facebook plug power - today technical stock trading,hold
upgraded vetr 4 star,buy
brain drain continues,sell
thing investor know mplx lp mplx,hold
apple blackberry ltd - short interest update,hold
dl-000005 twr.de needle moving 1.48 %,buy
thursday vital data alibaba group holding ltd baba oracle corporation,hold
turning revenue trend,buy
needle moving -1.71 %,sell
stock 2016 q4 driven institutional investor,buy
needle moving -1.60 %,sell
stock remains hopelessly overvalued,sell
technical chart spoken,hold
share moving volume,buy
better buy v google,buy
insider selling short interest growing common stock nyse,sell
watching chart share dl-000005 twr.de,hold
unveils update platform,buy
downgraded vetr .,sell
stock still stuck mud,sell
broken 16.83 $ 17.83 20dma,buy
stock gain 20 % -plus,buy
operating chief adam bain leaf company continues fix,sell
qualcomm incorporated qcom uptrend stock,buy
becoming paid subscription service save going forward ?,buy
better buy vs. baidu,buy
eps expected $ -0.11,sell
50 dma move 12-week low,buy
stock head shoulder rest,buy
