The Simple Reason I Still Won't Buy Twitter†Inc.,sell
Twitter Inc's Brain Drain†Continues,sell
Twitter Inc (TWTR) Stock Remains Hopelessly†Overvalued,sell
"
Checking the Overall Picture for Twitter, Inc. (TWTR)",hold
"
EPS for Twitter Inc (TWTR) Expected At $-0.11",sell
"Here's Why the Best Is Yet to Come for Twitter,†Inc.",buy
"Better Buy: Twitter, Inc. vs†Google",buy
"Twitter, Inc. (TWTR): From Top to†Bottom",hold
"
Twitter, Inc. (TWTR) Upgraded to ÄúBuyÄù by Vetr Inc.",buy
"
Twitter, Inc. (TWTR) is at $18.12 per share and KeyCorp (KEY) is listed at ",hold
Stock Alert and Holding Pattern: Twitter Inc Stock Volatility Hits An†,hold
"Better Buy: Twitter, Inc. vs.†Baidu",buy
Twitter: The Turning Revenue†Trend,buy
"
Don't Buy Twitter Inc (TWTR) Stock, Buy a 1900% No-Brainer Instead",sell
"
Why The Rally In Twitter Inc (TWTR) Stock Could Continue For Now",buy
"What Does The Chart For Twitter, Inc. (TWTR) Tell Us†Presently?",hold
Twitter: Take This Opportunity To†Sell,sell
Why Twitter Inc (TWTR) Stock Is Still Stuck in the†Mud,sell
Twitter rolls out redesign across†products,buy
"
Twitter redesigns app to make it faster and easier to see what's happening",buy
"
Twitter unveils updates to its platform",buy
Twitter Inc (TWTR) Stock Simply Isn't Good†Enough,sell
"Apple Inc, BlackBerry Ltd And Twitter Inc - Short Interest†Update",hold
Twitter Upgraded By Vetr To 4†Stars,buy
"
Positive on Scaled Platforms (Facebook Inc (FB) & Alphabet Inc (GOOG ",buy
Twitter Inc (TWTR) Stock Is a Painful Waiting†Game,hold
"
Is Twitter, Inc. (TWTR) Stock is Risky?",sell
"
Does $16.97 justifies Twitter, Inc. (TWTR) shares?",sell
Twitter Inc's operating chief Adam Bain leaves company as it continues to fix†,sell
Twitter Inc (NYSE:TWTR) HEFFX†Highlights,hold
"
The Twitter Inc (TWTR) Earns ÄúUnderperformÄù Rating from Royal Bank of Canada",sell
"
Twitter Inc (TWTR) Stock Rating Reaffirmed by Wells Fargo & Co",hold
"Twitter, Inc. (TWTR) has just broken above†20DMA",hold
"Facebook Inc, Amazon.com Inc And Twitter Inc - Today's Technical Stock Trading†",hold
Twitter Inc (TWTR) Needle Moving†-1.71%,sell
Option Market Alert: Twitter Inc Implied Price Swing Hits An Amplified†Level,sell
Why Twitter Inc (TWTR) Stock Will Gain†20%-Plus,buy
"
The Case for and Against Twitter, Inc. (TWTR)",hold
"
Twitter, Inc. (NYSE:TWTR) added to 67 new portfolios",buy
Twitter Inc (TWTR) Stock Is Head and Shoulders Below the†Rest,buy
"Twitter Inc, Apple Inc. And Walt Disney Co - Technical Stock Trading Ideas For†",hold
"
Stock Recommendations: Twitter, Inc. (TWTR)",buy
Twitter Inc (NYSE:TWTR) Partners With†BBC,buy
"Drilling into the Technicals & Valuation For Twitter, Inc.†(NYSE:TWTR)",hold
Watching the Charts on Shares of TWITTER INC. DL-000005†(TWR.DE),hold
"Twitter, Inc. (TWTR) moves +3.06% above 20†DMA",buy
Twitter Inc (NYSE:TWTR) COO Says Premium May Not†Work,hold
"
Will Becoming a Paid Subscription Service Save Twitter Inc (TWTR) Going Forward?",buy
"
Twitter Inc Stock in 2016 Q4 Driven by Institutional Investors",buy
"Thursday's Vital Data: Alibaba Group Holding Ltd (BABA), Oracle Corporation†",hold
Twitter to let streaming video stars collect money from†fans,hold
"
Twitter to allow Streamers to make money",hold
"
Twitter Inc (NYSE:TWTR) is introducing Super Hearts",hold
"Former Twitter Inc VP Kirstine Stewart joins London, Ont.-based lifestyle site†",hold
Riot Games Oceania Partners with Twitter to Live Stream League of Legends†,buy
"
Twitter, Inc. (TWTR) and QUALCOMM Incorporated (QCOM) in Uptrend Stocks",buy
"
Stock to Watch:Twitter, Inc. (TWTR)",buy
"Facebook Inc, Twitter Inc And Plug Power Inc - Today's Technical Stock Trading†",hold
Trump Twitter Blocking 'Violates First†Amendment',hold
"
Twitter users, blocked by Trump, cry censorship",hold
"
Twitter users, blocked by President Trump, cry censorship",hold
"Buy or Sell? Average Brokerage Ratings on Pfizer Inc. (PFE), Twitter, Inc.†(TWTR)",hold
"Analytical Guide for two rising stock's: Twitter, Inc. (TWTR), H&R Block, Inc†",buy
"Few Things investors Didn't Know About: Twitter, Inc. (TWTR), MPLX LP†(MPLX)",hold
"
How technical signals have emerged? Äì Twitter, Inc. (TWTR), NantKwest, Inc ",hold
"The Technical Chart For Twitter, Inc. (TWTR) Has†Spoken",hold
"Twitter, Inc. (TWTR) Stock Technicals are in the neutral†area",hold
"Twitter, Inc. (TWTR) Downgraded by Vetr†Inc.",sell
"
BidaskClub Upgrades Twitter, Inc. (TWTR) to Hold",buy
Twitter Inc (TWTR) Needle Moving†-1.60%,sell
"Technical Signs Every Trader Should Know: Protalix BioTherapeutics, Inc. (PLX†",hold
TWITTER INC. DL-000005 (TWR.DE) Needle Moving†1.48%,buy
"
Twitter Inc (TWTR) Shares Moving On Volume",buy
"Just the Facts on Twitter, Inc.†(TWTR)",hold
"
Twitter, Inc. (TWTR) has just broken (16.83) below ($ 17.83 ) 20DMA",buy
"
Insiders Selling, Short Interest Growing Twitter, Inc. Common Stock (NYSE:TWTR)",sell
Twitter Has a New Star: Goldman's Lloyd†Blankfein,buy
Jack Dorsey's Square Inc. May Soon Loan You†Money,hold
"50 DMA for Twitter, Inc. (TWTR) moves above 12-week†low",buy
